{
    "lr0": 0.00010446991982747811,
    "momentum": 0.881082406956181,
    "weight_decay": 0.000007273003893562258
  }